{
 "templeR0013": [
  [
   0.9999999980543895,
   -6.182408914005995e-05,
   -8.30679675536599e-06,
   1.0917386493539939e-06
  ],
  [
   6.182388393309983e-05,
   0.9999999977838219,
   -2.4701486470617718e-05,
   -1.989868971697568e-06
  ],
  [
   8.308323883891324e-06,
   2.4700972864108616e-05,
   0.9999999996604169,
   -1.1492911927957757e-05
  ]
 ],
 "templeR0042": [
  [
   -0.9998470379536881,
   -0.009192063636750422,
   0.014879739961914717,
   0.018591536596657472
  ],
  [
   0.01013038339497104,
   -0.9978814593929994,
   0.06426482966575586,
   -0.999069876984211
  ],
  [
   0.014257490224691239,
   0.06440573705653596,
   0.9978219405318254,
   0.039030463389972236
  ]
 ],
 "templeR0044": [
  [
   -0.9991478394423652,
   -0.04042209785569674,
   0.008345594202814216,
   0.0928615648641487
  ],
  [
   0.04067223467400652,
   -0.9298103170401492,
   0.36578483245252225,
   -4.520637363386435
  ],
  [
   -0.0070259706999183805,
   0.365812559011636,
   0.9306620264118877,
   0.7137085921262565
  ]
 ],
 "templeR0032": [
  [
   -0.9846087680460004,
   0.06666050051462628,
   0.16156098402175206,
   -1.6164307850697455
  ],
  [
   0.0805871927041424,
   -0.6471098882594879,
   0.7581256471646758,
   -9.073945833589258
  ],
  [
   0.15508474541038114,
   0.7594769056317201,
   0.6317780872688328,
   4.028341989857357
  ]
 ],
 "templeR0034": [
  [
   -0.982552034838464,
   0.063783166608321,
   0.1747089193264303,
   -1.7693535014044417
  ],
  [
   0.11242098048382734,
   -0.5446535873510312,
   0.8310920484114305,
   -9.963193883811547
  ],
  [
   0.14816552224403923,
   0.8362321313146653,
   0.5279799244053536,
   5.167143349453536
  ]
 ],
 "templeR0036": [
  [
   -0.9840922105858224,
   0.018272191414725872,
   0.17671629264222652,
   -1.8161414076482918
  ],
  [
   0.15837353557446254,
   -0.3604898334555312,
   0.9192197252043977,
   -11.006197975041342
  ],
  [
   0.08050058567460164,
   0.9325841554498486,
   0.3518614055419257,
   7.369880859028408
  ]
 ],
 "templeR0038": [
  [
   -0.9809971801972313,
   -0.005792287338974841,
   0.1939355095191797,
   -2.032167015056299
  ],
  [
   0.19344417544366588,
   -0.1062836279488617,
   0.9753374500227847,
   -11.63525033438562
  ],
  [
   0.01496273477681441,
   0.9943189829412946,
   0.10538442356718547,
   10.272692763744347
  ]
 ],
 "templeR0015": [
  [
   0.9991063465078445,
   -0.04148237898622192,
   -0.008106824371499507,
   0.08781290385780757
  ],
  [
   0.04197582445684891,
   0.9513208758324541,
   0.30533034792915736,
   -3.586848054007422
  ],
  [
   -0.004953637947477516,
   -0.30539777903418996,
   0.9522119816679842,
   0.5016801102210425
  ]
 ],
 "templeR0017": [
  [
   0.9965879213554686,
   -0.08010598222706918,
   -0.019888353874135088,
   0.22417242706798793
  ],
  [
   0.07769842677079102,
   0.8292144121816474,
   0.5535037606986867,
   -6.518660278075079
  ],
  [
   -0.027847252750143436,
   -0.5531604561442199,
   0.8326091761880768,
   1.8570665659387717
  ]
 ],
 "templeR0019": [
  [
   0.9880820069979739,
   -0.15361376358470563,
   -0.009836619551341581,
   0.12716605895284805
  ],
  [
   0.10792379627995247,
   0.6457922702999298,
   0.7558470730361968,
   -8.91971411701615
  ],
  [
   -0.10975610071143649,
   -0.7479004982336919,
   0.6546743030686453,
   3.863630591582442
  ]
 ],
 "templeR0021": [
  [
   0.9870198837517805,
   -0.1490198419450668,
   -0.05987349818817149,
   0.7003196143744768
  ],
  [
   0.12336407923583886,
   0.46482150221206303,
   0.8767680850918416,
   -10.391952137673645
  ],
  [
   -0.10282535209234799,
   -0.872773772399233,
   0.47717176066810185,
   5.990158118894191
  ]
 ]
}