{
 "templeR0013": [
  [
   1.0,
   0.0,
   0.0,
   0.0
  ],
  [
   0.0,
   1.0,
   0.0,
   0.0
  ],
  [
   0.0,
   0.0,
   1.0,
   0.0
  ]
 ],
 "templeR0042": [
  [
   -0.9998474314100428,
   -0.009195563812720114,
   0.01485111136941497,
   0.01858482401189317
  ],
  [
   0.01013205420969662,
   -0.9978813441815275,
   0.06426635520985909,
   -0.9990612396661521
  ],
  [
   0.014228681605557972,
   0.06440702244813216,
   0.9978222687829401,
   0.03913110927610864
  ]
 ],
 "templeR0044": [
  [
   -0.9991512808402985,
   -0.040332113195544694,
   0.008368909150701431,
   0.09287716548505096
  ],
  [
   0.04059686938499217,
   -0.929805541999485,
   0.36580534203751286,
   -4.520658314201061
  ],
  [
   -0.006972244353779522,
   0.3658346275466903,
   0.9306537557526132,
   0.7136606478618285
  ]
 ],
 "templeR0032": [
  [
   -0.9846069616541304,
   0.06634785394253322,
   0.16170062875400956,
   -1.6164497625698395
  ],
  [
   0.0808909388176532,
   -0.6471296020891546,
   0.7580764698347597,
   -9.073762308960097
  ],
  [
   0.15493801044101616,
   0.7594874853328084,
   0.6318013711155017,
   4.028488627964424
  ]
 ],
 "templeR0034": [
  [
   -0.9825273791968441,
   0.0639392455355269,
   0.17479050892118994,
   -1.7693719685156815
  ],
  [
   0.11244121251482844,
   -0.5444586649767664,
   0.8312170209156646,
   -9.963632795898443
  ],
  [
   0.14831359633147653,
   0.8363471378632588,
   0.5277561388853366,
   5.166832688740146
  ]
 ],
 "templeR0036": [
  [
   -0.9841281552294044,
   0.018353000884816006,
   0.1765076243205694,
   -1.8161354834954269
  ],
  [
   0.15811420888167788,
   -0.3609059035282751,
   0.9191010965873996,
   -11.005932464686566
  ],
  [
   0.08057090687394833,
   0.9324216300349115,
   0.35227579083517535,
   7.370063228760756
  ]
 ],
 "templeR0038": [
  [
   -0.9809532145700686,
   -0.0058977801309859496,
   0.19415459565556414,
   -2.0320977374557168
  ],
  [
   0.19367718271845819,
   -0.10601135945312323,
   0.9753208398066465,
   -11.635060029983615
  ],
  [
   0.014830364759169684,
   0.9943474281439199,
   0.10513444927654725,
   10.272649146249256
  ]
 ],
 "templeR0015": [
  [
   0.9991055761473185,
   -0.041505517661006686,
   -0.008083298523901807,
   0.08781575476853044
  ],
  [
   0.04199067785278286,
   0.9513205776799398,
   0.30532923452589567,
   -3.5868459517662528
  ],
  [
   -0.00498303971471853,
   -0.30539556395991974,
   0.9522125386849326,
   0.5016869179796277
  ]
 ],
 "templeR0017": [
  [
   0.9966001888863201,
   -0.0799337802637201,
   -0.019966328768765,
   0.224164284878468
  ],
  [
   0.07759735879947686,
   0.8292059896130066,
   0.5535305562453257,
   -6.518682575158309
  ],
  [
   -0.027689590446526177,
   -0.5531979912858196,
   0.8325894961013128,
   1.857034213113948
  ]
 ],
 "templeR0019": [
  [
   0.9880616154866717,
   -0.15374684088023324,
   -0.009805759594074773,
   0.12716887424080783
  ],
  [
   0.1079891897595927,
   0.6457915051028792,
   0.7558383867150599,
   -8.919710841130552
  ],
  [
   -0.10987528792651798,
   -0.7478738134580633,
   0.6546847945742734,
   3.8636355543515886
  ]
 ],
 "templeR0021": [
  [
   0.9870280155347235,
   -0.14896553289993258,
   -0.059874590248490595,
   0.7003202521165126
  ],
  [
   0.12334068581369162,
   0.46483858664990985,
   0.8767623187525354,
   -10.391933885472074
  ],
  [
   -0.10277534613220116,
   -0.8727739445980004,
   0.47718221871550587,
   5.990166700229869
  ]
 ]
}